{
    "clothing": [
        {
            "name": "Women's Tank Top",
            "price": 15.99,
            "image": "/src/images/shop/womansTankTop.jpg"
        },
        {
            "name": "Men's T-Shirt",
            "price": 20.99,
            "image": "/src/images/shop/mensTShirt.jpg"
        },
        {
            "name": "Men's Hoodie",
            "price": 49.99,
            "image": "/src/images/shop/mensHoodie.jpg"
        },
        {
            "name": "Men's Jeans",
            "price": 39.99,
            "image": "/src/images/shop/mensJeans.jpg"
        },
        {
            "name": "Women's Skirt",
            "price": 29.99,
            "image": "/src/images/shop/womansSkirt.jpg"
        },
        {
            "name": "Women's Dress",
            "price": 59.99,
            "image": "/src/images/shop/womansDress.jpeg"
        }
    ]
}